Time,POA_Irradiance,Module_Temperature,Specific_ACPower,Specific_DCPower,DC_Current(A),DC_Voltage(V),Expected_Specific_DCPower,Thermal_Losses(%),Inverter_Losses(%),Availability(%)
08:13 AM,12.88,3.10,0.0080,0.0089,18.5,667,0.01,-9.64,9.73,0.00
08:14 AM,14.81,3.05,0.0093,0.0102,20.2,680,0.01,-9.66,9.23,0.00
08:15 AM,16.42,2.96,0.0093,0.0102,20.2,680,0.01,-9.70,9.23,0.00
08:16 AM,17.71,2.98,0.0105,0.0115,23.3,677,0.01,-9.69,8.84,0.00
08:17 AM,19.64,3.00,0.0123,0.0128,25.4,657,0.02,-9.68,3.68,0.00
08:18 AM,21.25,3.05,0.0123,0.0128,25.4,657,0.02,-9.66,3.68,0.00
08:19 AM,22.54,2.98,0.0129,0.0137,27.2,633,0.02,-9.69,6.29,0.00
08:20 AM,23.19,3.28,0.0135,0.0144,29.1,630,0.02,-9.56,6.01,0.00
08:21 AM,23.83,3.21,0.0135,0.0144,29.1,630,0.02,-9.59,6.01,0.00
08:22 AM,24.15,3.35,0.0132,0.0151,29.8,627,0.02,-9.53,12.50,0.00
08:23 AM,23.83,3.60,0.0150,0.0166,31.1,671,0.02,-9.42,9.48,0.00
08:24 AM,27.05,3.28,0.0150,0.0166,31.1,671,0.02,-9.56,9.48,0.00
08:25 AM,30.92,3.39,0.0174,0.0188,35.7,684,0.03,-9.51,7.11,0.00
08:26 AM,34.14,3.44,0.0192,0.0210,40.2,675,0.03,-9.49,8.58,0.00
08:27 AM,46.70,3.60,0.0192,0.0210,40.2,675,0.04,-9.42,8.58,0.00
08:28 AM,59.90,3.21,0.0235,0.0254,48.2,668,0.05,-9.59,7.72,1.00
08:29 AM,63.12,3.51,0.0341,0.0369,71.9,644,0.05,-9.46,7.45,1.00
08:30 AM,76.00,3.58,0.0449,0.0463,89.5,657,0.07,-9.43,3.05,1.00
08:31 AM,84.37,4.29,0.0449,0.0463,89.5,657,0.07,-9.11,3.05,1.00
08:32 AM,88.88,4.04,0.0580,0.0607,107.5,718,0.08,-9.22,4.40,1.00
08:33 AM,92.75,4.08,0.0634,0.0666,112.5,744,0.08,-9.20,4.72,1.00
08:34 AM,97.25,3.88,0.0634,0.0666,112.5,744,0.09,-9.29,4.72,1.00
08:35 AM,101.12,4.27,0.0693,0.0709,121.4,739,0.09,-9.12,2.21,1.00
08:36 AM,105.63,4.43,0.0728,0.0757,127.3,746,0.09,-9.05,3.84,1.00
08:37 AM,110.13,4.36,0.0728,0.0757,127.3,746,0.10,-9.08,3.84,1.00
08:38 AM,114.32,4.38,0.0775,0.0806,133.6,755,0.10,-9.07,3.89,1.00
08:39 AM,134.61,4.88,0.0867,0.0893,155.5,729,0.12,-8.85,2.99,1.00
08:40 AM,142.66,5.05,0.0867,0.0893,155.5,729,0.13,-8.78,2.99,1.00
08:41 AM,148.13,5.48,0.1100,0.1133,190.2,755,0.13,-8.59,2.98,1.00
08:42 AM,151.35,5.87,0.1163,0.1195,200.6,752,0.14,-8.42,2.69,1.00
08:43 AM,155.86,5.94,0.1206,0.1243,206,760,0.14,-8.39,3.03,1.00
08:44 AM,160.36,6.22,0.1206,0.1243,206,760,0.15,-8.27,3.03,1.00
08:45 AM,164.87,6.45,0.1268,0.1301,215,762,0.15,-8.16,2.53,1.00
08:46 AM,168.09,6.61,0.1313,0.1349,225.1,753,0.15,-8.09,2.68,1.00
08:47 AM,179.04,7.07,0.1313,0.1349,225.1,753,0.17,-7.89,2.68,1.00
08:48 AM,196.43,6.95,0.1618,0.1667,279.6,750,0.18,-7.94,2.97,1.00
08:49 AM,192.56,7.16,0.1604,0.1650,277.5,746,0.18,-7.85,2.81,1.00
08:50 AM,123.65,7.78,0.1604,0.1650,277.5,746,0.11,-7.58,2.81,1.00
08:51 AM,77.93,7.75,0.0836,0.0870,145.9,749,0.07,-7.59,3.97,1.00
08:52 AM,93.71,7.48,0.0712,0.0743,125.5,749,0.08,-7.71,4.22,1.00
08:53 AM,93.38,7.89,0.0712,0.0743,125.5,749,0.08,-7.53,4.22,1.00
08:54 AM,113.35,7.34,0.0800,0.0819,141.1,728,0.10,-7.77,2.39,1.00
08:55 AM,166.80,8.03,0.1210,0.1235,218,719,0.15,-7.47,2.10,1.00
08:56 AM,231.20,7.84,0.2028,0.2079,350.4,745,0.22,-7.55,2.45,1.00
08:57 AM,191.27,8.26,0.2028,0.2079,350.4,745,0.18,-7.37,2.45,1.00
08:58 AM,135.24,8.60,0.1363,0.1422,237.1,747,0.12,-7.22,4.14,1.00
08:59 AM,87.91,9.22,0.0747,0.0771,130.9,744,0.08,-6.94,3.05,1.00
09:00 AM,133.31,9.70,0.0747,0.0771,130.9,744,0.12,-6.73,3.05,1.00
09:01 AM,145.22,9.77,0.1518,0.1554,265.1,741,0.13,-6.70,2.32,1.00
09:02 AM,72.13,8.67,0.0615,0.0641,107.9,738,0.06,-7.19,3.92,1.00
09:03 AM,50.23,8.53,0.0615,0.0641,107.9,738,0.04,-7.25,3.92,1.00
09:04 AM,51.52,8.67,0.0416,0.0435,74.9,723,0.04,-7.19,4.33,1.00
09:05 AM,57.32,9.04,0.0560,0.0582,103,716,0.05,-7.02,3.91,1.00
09:06 AM,47.98,8.62,0.0560,0.0582,103,716,0.04,-7.21,3.91,0.00
09:07 AM,51.84,8.03,0.0407,0.0435,74.7,723,0.04,-7.47,6.32,1.00
09:08 AM,59.57,8.21,0.0495,0.0524,93.2,704,0.05,-7.39,5.40,1.00
09:09 AM,87.58,8.42,0.0760,0.0773,136.6,729,0.08,-7.30,1.73,1.00
09:10 AM,151.33,8.14,0.0790,0.0818,144.8,723,0.14,-7.42,3.45,1.00
09:11 AM,133.62,8.30,0.1319,0.1360,237.3,721,0.12,-7.35,3.00,1.00
09:12 AM,89.83,8.28,0.0788,0.0823,141.8,723,0.08,-7.36,4.29,1.00
09:13 AM,95.95,8.62,0.0788,0.0823,141.8,723,0.08,-7.21,4.29,1.00
09:14 AM,210.25,8.35,0.1122,0.1140,196.5,742,0.20,-7.33,1.58,1.00
09:15 AM,373.49,9.10,0.3414,0.3457,600.7,734,0.36,-6.99,1.23,1.00
09:16 AM,387.65,9.61,0.3414,0.3457,600.7,734,0.37,-6.77,1.23,1.00
09:17 AM,405.68,10.67,0.3704,0.3765,619.1,772,0.39,-6.31,1.61,1.00
09:18 AM,359.31,10.78,0.3444,0.3506,582.6,762,0.34,-6.26,1.77,1.00
09:19 AM,434.65,11.77,0.3444,0.3506,582.6,762,0.41,-5.82,1.77,1.00
09:20 AM,434.01,12.69,0.4076,0.4145,693.1,759,0.41,-5.42,1.67,1.00
09:21 AM,454.61,13.42,0.4145,0.4215,717.9,744,0.43,-5.09,1.66,1.00
09:22 AM,474.57,14.14,0.4417,0.4500,755.4,755,0.45,-4.78,1.85,1.00
09:23 AM,479.08,15.52,0.4422,0.4505,758,752,0.45,-4.17,1.85,1.00
09:24 AM,482.29,16.33,0.4453,0.4538,768,750,0.45,-3.82,1.87,1.00
09:25 AM,486.80,16.28,0.4481,0.4567,767.6,754,0.46,-3.84,1.87,1.00
09:26 AM,493.88,16.69,0.4481,0.4567,767.6,754,0.46,-3.66,1.87,1.00
09:27 AM,515.77,17.15,0.4747,0.4816,834.6,734,0.48,-3.45,1.42,1.00
09:28 AM,518.99,17.43,0.4779,0.4852,829.4,743,0.48,-3.33,1.49,1.00
09:29 AM,523.18,18.12,0.4779,0.4852,829.4,743,0.49,-3.03,1.49,1.00
09:30 AM,526.08,18.58,0.4816,0.4885,846.8,734,0.49,-2.83,1.43,1.00
09:31 AM,531.87,18.65,0.4838,0.4917,863.9,725,0.49,-2.80,1.60,1.00
09:32 AM,552.48,19.13,0.4838,0.4917,863.9,725,0.51,-2.58,1.60,1.00
09:33 AM,555.37,19.38,0.5076,0.5144,893.2,733,0.51,-2.47,1.31,1.00
09:34 AM,558.91,19.84,0.5101,0.5178,901.5,730,0.52,-2.27,1.49,1.00
09:35 AM,576.30,19.98,0.5253,0.5334,948.1,715,0.53,-2.21,1.52,1.00
09:36 AM,582.09,20.44,0.5267,0.5340,943.4,721,0.54,-2.01,1.37,1.00
09:37 AM,585.31,20.53,0.5337,0.5414,952.5,724,0.54,-1.97,1.44,1.00
09:38 AM,588.53,21.17,0.5357,0.5433,968.3,715,0.54,-1.68,1.40,1.00
09:39 AM,606.56,21.40,0.5357,0.5433,968.3,715,0.56,-1.58,1.40,1.00
09:40 AM,609.78,21.38,0.5548,0.5626,999.4,717,0.56,-1.59,1.38,1.00
09:41 AM,613.00,21.63,0.5577,0.5659,1008.5,715,0.56,-1.48,1.44,1.00
09:42 AM,629.10,22.12,0.5577,0.5659,1008.5,715,0.58,-1.27,1.44,1.00
09:43 AM,632.32,22.55,0.5745,0.5820,1034.8,717,0.58,-1.08,1.29,1.00
09:44 AM,634.89,22.74,0.5763,0.5844,1035.8,719,0.58,-1.00,1.38,1.00
09:45 AM,650.35,23.08,0.5763,0.5844,1035.8,719,0.59,-0.84,1.38,1.00
09:46 AM,652.28,23.43,0.5901,0.5983,1062.7,717,0.59,-0.69,1.36,1.00
09:47 AM,664.83,23.82,0.6005,0.6081,1087.5,713,0.60,-0.52,1.25,1.00
09:48 AM,666.44,24.26,0.6020,0.6103,1100.3,707,0.60,-0.33,1.36,1.00
09:49 AM,674.17,24.74,0.6011,0.6105,1094.2,711,0.61,-0.11,1.54,1.00
09:50 AM,675.46,25.11,0.6086,0.6175,1114.2,707,0.61,0.05,1.45,1.00
09:51 AM,677.39,25.50,0.6100,0.6185,1119.4,703,0.61,0.22,1.37,1.00
09:52 AM,678.68,25.97,0.6100,0.6185,1119.4,703,0.61,0.42,1.37,1.00
09:53 AM,680.61,26.01,0.6104,0.6188,1120.1,704,0.61,0.44,1.36,1.00
09:54 AM,682.53,26.33,0.6111,0.6201,1115.1,707,0.61,0.59,1.46,1.00
09:55 AM,683.82,26.67,0.6111,0.6201,1115.1,707,0.61,0.74,1.46,1.00
09:56 AM,686.39,26.77,0.6126,0.6217,1125.1,703,0.62,0.78,1.46,1.00
09:57 AM,688.32,26.67,0.6141,0.6228,1133.3,700,0.62,0.74,1.40,1.00
09:58 AM,690.25,26.54,0.6141,0.6228,1133.3,700,0.62,0.68,1.40,1.00
09:59 AM,691.21,26.95,0.6147,0.6232,1144.6,693,0.62,0.86,1.36,1.00
10:00 AM,692.81,27.18,0.6162,0.6252,1146.3,694,0.62,0.96,1.43,1.00
10:01 AM,694.72,27.48,0.6177,0.6259,1139.2,701,0.62,1.09,1.30,1.00
10:02 AM,696.00,27.25,0.6174,0.6261,1146.8,697,0.62,0.99,1.39,1.00
10:03 AM,697.28,27.80,0.6182,0.6271,1153.9,693,0.62,1.23,1.41,1.00
10:04 AM,698.56,28.12,0.6196,0.6284,1146.5,699,0.62,1.37,1.40,1.00
10:05 AM,699.84,27.43,0.6188,0.6285,1149.4,696,0.63,1.07,1.55,1.00
10:06 AM,701.77,27.89,0.6195,0.6291,1154.4,695,0.63,1.27,1.52,1.00
10:07 AM,702.73,28.17,0.6207,0.6296,1142.2,703,0.63,1.39,1.41,1.00
10:08 AM,704.01,27.91,0.6207,0.6296,1142.2,703,0.63,1.28,1.41,1.00
10:09 AM,705.62,28.35,0.6225,0.6317,1158.9,694,0.63,1.47,1.45,1.00
10:10 AM,706.90,28.37,0.6243,0.6330,1164.8,692,0.63,1.48,1.38,1.00
10:11 AM,708.18,28.16,0.6243,0.6330,1164.8,692,0.63,1.39,1.38,1.00
10:12 AM,709.47,28.30,0.6240,0.6343,1170.2,691,0.63,1.45,1.62,1.00
10:13 AM,711.39,28.53,0.6263,0.6354,1167.2,693,0.63,1.55,1.43,1.00
10:14 AM,712.68,29.11,0.6266,0.6361,1164.6,696,0.63,1.81,1.49,1.00
10:15 AM,713.32,28.74,0.6268,0.6365,1174.5,691,0.63,1.64,1.53,1.00
10:16 AM,714.61,29.78,0.6285,0.6368,1174.8,692,0.63,2.10,1.31,1.00
10:17 AM,714.60,29.43,0.6283,0.6370,1175.6,691,0.63,1.95,1.38,1.00
10:18 AM,715.23,28.99,0.6283,0.6371,1177.8,690,0.63,1.75,1.38,1.00
10:19 AM,715.87,28.92,0.6271,0.6365,1183.2,686,0.64,1.72,1.48,1.00
10:20 AM,716.50,29.24,0.6290,0.6370,1178.7,688,0.64,1.87,1.26,1.00
10:21 AM,717.46,28.99,0.6290,0.6370,1178.7,688,0.64,1.75,1.26,1.00
10:22 AM,718.42,29.42,0.6281,0.6364,1193.4,680,0.64,1.95,1.31,1.00
10:23 AM,720.35,29.45,0.6290,0.6384,1179.5,690,0.64,1.96,1.48,1.00
10:24 AM,720.67,29.49,0.6290,0.6384,1179.5,690,0.64,1.98,1.48,1.00
10:25 AM,721.95,29.77,0.6297,0.6390,1183.4,689,0.64,2.10,1.45,1.00
10:26 AM,722.91,29.44,0.6301,0.6395,1188,686,0.64,1.95,1.47,1.00
10:27 AM,722.90,29.68,0.6301,0.6395,1188,686,0.64,2.06,1.47,1.00
10:28 AM,723.54,29.74,0.6305,0.6390,1186.3,687,0.64,2.09,1.34,1.00
10:29 AM,723.54,29.83,0.6298,0.6392,1190.6,684,0.64,2.13,1.46,1.00
10:30 AM,724.18,30.25,0.6288,0.6383,1173.5,694,0.64,2.31,1.49,1.00
10:31 AM,724.82,30.25,0.6298,0.6385,1184.9,688,0.64,2.31,1.36,1.00
10:32 AM,724.82,30.83,0.6290,0.6384,1181.7,689,0.64,2.56,1.46,1.00
10:33 AM,725.46,30.13,0.6288,0.6381,1183.6,688,0.64,2.26,1.45,1.00
10:34 AM,726.10,30.71,0.6288,0.6381,1183.6,688,0.64,2.51,1.45,1.00
10:35 AM,726.74,30.22,0.6288,0.6383,1188.4,685,0.64,2.30,1.49,1.00
10:36 AM,726.74,30.68,0.6290,0.6378,1196.2,680,0.64,2.50,1.38,1.00
10:37 AM,727.70,31.22,0.6290,0.6378,1196.2,680,0.64,2.73,1.38,1.00
10:38 AM,728.02,31.19,0.6280,0.6369,1203.8,676,0.64,2.72,1.39,1.00
10:39 AM,728.66,31.52,0.6290,0.6380,1190.2,684,0.64,2.87,1.40,1.00
10:40 AM,728.66,30.91,0.6290,0.6380,1190.2,684,0.64,2.60,1.40,1.00
10:41 AM,728.66,32.04,0.6287,0.6374,1193.6,681,0.64,3.10,1.37,1.00
10:42 AM,729.30,31.84,0.6280,0.6367,1199.7,677,0.64,3.01,1.36,1.00
10:43 AM,729.30,31.88,0.6276,0.6363,1184.7,685,0.64,3.03,1.36,1.00
10:44 AM,729.30,32.11,0.6261,0.6365,1172.6,691,0.64,3.13,1.64,1.00
10:45 AM,729.30,32.18,0.6276,0.6363,1197.5,678,0.64,3.16,1.36,1.00
10:46 AM,729.30,32.18,0.6269,0.6359,1185.6,684,0.64,3.16,1.42,1.00
10:47 AM,729.30,31.99,0.6269,0.6359,1185.6,684,0.64,3.08,1.42,1.00
10:48 AM,729.62,31.81,0.6255,0.6358,1186.7,684,0.64,3.00,1.62,1.00
10:49 AM,729.62,31.90,0.6264,0.6358,1182.8,686,0.64,3.03,1.48,1.00
10:50 AM,729.30,31.69,0.6264,0.6358,1182.8,686,0.64,2.94,1.48,1.00
10:51 AM,729.30,31.85,0.6261,0.6346,1201,674,0.64,3.02,1.34,1.00
10:52 AM,729.30,31.99,0.6270,0.6353,1189.5,681,0.64,3.08,1.31,1.00
10:53 AM,729.30,32.10,0.6270,0.6353,1189.5,681,0.64,3.13,1.31,1.00
10:54 AM,728.66,32.34,0.6263,0.6348,1193.9,678,0.64,3.23,1.34,1.00
10:55 AM,728.66,32.01,0.6259,0.6345,1187.8,682,0.64,3.08,1.35,1.00
10:56 AM,728.66,32.42,0.6253,0.6335,1197.5,676,0.64,3.27,1.30,1.00
10:57 AM,728.66,32.01,0.6250,0.6339,1194.5,678,0.64,3.09,1.41,1.00
10:58 AM,728.66,32.75,0.6243,0.6334,1195.4,677,0.64,3.41,1.44,1.00
10:59 AM,728.01,33.14,0.6240,0.6328,1188.6,680,0.63,3.58,1.39,1.00
11:00 AM,727.69,32.47,0.6240,0.6328,1188.6,680,0.64,3.29,1.39,1.00
11:01 AM,726.72,32.61,0.6231,0.6322,1178,684,0.63,3.35,1.44,1.00
11:02 AM,726.72,32.80,0.6225,0.6315,1185.2,679,0.63,3.43,1.42,1.00
11:03 AM,726.72,32.33,0.6225,0.6315,1185.2,679,0.64,3.22,1.42,1.00
11:04 AM,726.08,32.31,0.6214,0.6311,1188.7,678,0.63,3.22,1.53,1.00
11:05 AM,726.08,32.86,0.6211,0.6298,1183.2,680,0.63,3.46,1.38,1.00
11:06 AM,726.08,32.96,0.6211,0.6298,1183.2,680,0.63,3.50,1.38,1.00
11:07 AM,725.44,32.93,0.6201,0.6286,1195.2,671,0.63,3.49,1.35,1.00
11:08 AM,725.44,32.81,0.6205,0.6296,1185.2,678,0.63,3.44,1.45,1.00
11:09 AM,725.44,32.31,0.6200,0.6285,1181.7,678,0.63,3.21,1.35,1.00
11:10 AM,724.79,32.21,0.6183,0.6286,1189.9,674,0.63,3.17,1.64,1.00
11:11 AM,724.79,32.17,0.6190,0.6280,1177.4,681,0.63,3.16,1.44,1.00
11:12 AM,724.15,32.17,0.6191,0.6279,1178.9,679,0.63,3.15,1.40,1.00
11:13 AM,724.15,32.54,0.6191,0.6279,1178.9,679,0.63,3.32,1.40,1.00
11:14 AM,723.51,32.51,0.6187,0.6268,1172.8,682,0.63,3.31,1.29,1.00
11:15 AM,723.51,32.74,0.6170,0.6257,1169.5,683,0.63,3.41,1.39,1.00
11:16 AM,722.86,33.57,0.6170,0.6257,1169.5,683,0.63,3.77,1.39,1.00
11:17 AM,722.21,33.18,0.6159,0.6249,1179.7,676,0.63,3.60,1.44,1.00
11:18 AM,721.56,33.02,0.6149,0.6241,1173.5,679,0.63,3.53,1.47,1.00
11:19 AM,720.91,32.56,0.6149,0.6241,1173.5,679,0.63,3.33,1.47,1.00
11:20 AM,720.90,32.46,0.6153,0.6235,1175.8,678,0.63,3.28,1.31,1.00
11:21 AM,720.25,32.07,0.6144,0.6231,1170.4,679,0.63,3.11,1.40,1.00
11:22 AM,719.93,33.27,0.6139,0.6222,1168.9,679,0.63,3.64,1.34,1.00
11:23 AM,719.28,33.82,0.6129,0.6222,1173.5,676,0.62,3.88,1.50,1.00
11:24 AM,719.59,32.99,0.6130,0.6209,1165.2,680,0.63,3.52,1.28,1.00
11:25 AM,718.30,32.90,0.6119,0.6204,1160.6,681,0.63,3.48,1.38,1.00
11:26 AM,718.29,32.44,0.6119,0.6204,1160.6,681,0.63,3.27,1.38,1.00
11:27 AM,720.22,32.30,0.6108,0.6198,1167.4,677,0.63,3.21,1.44,1.00
11:28 AM,718.60,31.88,0.6110,0.6190,1161.5,679,0.63,3.03,1.29,1.00
11:29 AM,719.56,31.35,0.6110,0.6190,1161.5,679,0.63,2.79,1.29,1.00
11:30 AM,717.63,32.09,0.6104,0.6190,1160,682,0.63,3.12,1.38,1.00
11:31 AM,715.37,32.07,0.6098,0.6186,1162.4,679,0.63,3.11,1.42,1.00
11:32 AM,715.04,32.83,0.6098,0.6186,1162.4,679,0.62,3.44,1.42,1.00
11:33 AM,715.04,32.69,0.6090,0.6170,1165.9,675,0.62,3.38,1.28,1.00
11:34 AM,714.07,32.64,0.6061,0.6155,1156.5,678,0.62,3.36,1.52,1.00
11:35 AM,713.10,32.64,0.6060,0.6144,1156.9,677,0.62,3.36,1.35,1.00
11:36 AM,713.10,33.11,0.6051,0.6142,1147.8,682,0.62,3.57,1.48,1.00
11:37 AM,711.81,32.80,0.6053,0.6137,1148.9,681,0.62,3.43,1.38,1.00
11:38 AM,711.81,33.45,0.6053,0.6132,1155.7,677,0.62,3.72,1.29,1.00
11:39 AM,711.17,33.03,0.6053,0.6132,1155.7,677,0.62,3.53,1.29,1.00
11:40 AM,710.52,32.71,0.6039,0.6126,1147.8,680,0.62,3.39,1.42,1.00
11:41 AM,709.88,32.54,0.6035,0.6119,1143.9,682,0.62,3.32,1.37,1.00
11:42 AM,709.23,32.61,0.6035,0.6119,1143.9,682,0.62,3.35,1.37,1.00
11:43 AM,708.91,32.78,0.6024,0.6112,1149.1,678,0.62,3.42,1.44,1.00
11:44 AM,707.94,34.09,0.6013,0.6093,1151.7,674,0.61,4.00,1.30,1.00
11:45 AM,707.94,34.50,0.6013,0.6093,1151.7,674,0.61,4.18,1.30,1.00
11:46 AM,707.94,34.62,0.5994,0.6083,1138.9,681,0.61,4.23,1.47,1.00
11:47 AM,707.30,34.30,0.5984,0.6070,1130.2,684,0.61,4.09,1.41,1.00
11:48 AM,706.65,34.48,0.5987,0.6068,1147,675,0.61,4.17,1.33,1.00
11:49 AM,706.01,33.60,0.5977,0.6060,1152.8,671,0.61,3.79,1.36,1.00
11:50 AM,707.30,33.67,0.5974,0.6057,1131.1,683,0.61,3.82,1.36,1.00
11:51 AM,706.65,33.27,0.5971,0.6060,1148.3,673,0.62,3.64,1.48,1.00
11:52 AM,702.15,33.76,0.5971,0.6060,1148.3,673,0.61,3.86,1.48,1.00
11:53 AM,701.50,34.92,0.5972,0.6047,1142.2,676,0.61,4.36,1.25,1.00
11:54 AM,698.93,34.89,0.5962,0.6046,1137.6,678,0.60,4.35,1.39,1.00
11:55 AM,697.32,34.91,0.5962,0.6046,1137.6,678,0.60,4.36,1.39,1.00
11:56 AM,697.00,34.27,0.5950,0.6038,1131.1,681,0.60,4.08,1.46,1.00
11:57 AM,696.03,34.19,0.5938,0.6026,1135.7,677,0.60,4.05,1.46,1.00
11:58 AM,694.10,35.17,0.5938,0.6026,1135.7,677,0.60,4.47,1.46,1.00
11:59 AM,694.10,35.19,0.5932,0.6016,1137.2,675,0.60,4.48,1.38,1.00
12:00 PM,106.51,34.75,0.5930,0.6015,1129.2,680,0.08,4.29,1.41,1.00
12:01 PM,694.42,35.42,0.5925,0.6005,1132.7,677,0.60,4.58,1.35,1.00
12:02 PM,695.06,34.77,0.5930,0.6008,1125.1,681,0.60,4.30,1.29,1.00
12:03 PM,695.38,35.62,0.5910,0.5995,1129.4,678,0.60,4.67,1.43,1.00
12:04 PM,695.70,35.42,0.5905,0.5988,1132.6,675,0.60,4.58,1.39,1.00
12:05 PM,696.34,34.77,0.5905,0.5988,1132.6,675,0.60,4.30,1.39,1.00
12:06 PM,695.70,34.05,0.5910,0.5982,1128.5,677,0.60,3.98,1.21,1.00
12:07 PM,695.06,33.91,0.5890,0.5970,1116.8,683,0.60,3.92,1.34,1.00
12:08 PM,695.06,34.17,0.5890,0.5970,1116.8,683,0.60,4.03,1.34,1.00
12:09 PM,694.41,34.26,0.5883,0.5968,1118.8,681,0.60,4.07,1.42,1.00
12:10 PM,693.77,34.05,0.5885,0.5965,1124.4,677,0.60,3.98,1.34,1.00
12:11 PM,693.76,33.94,0.5885,0.5965,1124.4,677,0.60,3.93,1.34,1.00
12:12 PM,693.11,34.17,0.5874,0.5955,1125.3,676,0.60,4.03,1.36,1.00
12:13 PM,691.82,35.14,0.5859,0.5943,1116.1,679,0.60,4.46,1.41,1.00
12:14 PM,691.81,34.56,0.5846,0.5929,1116.8,678,0.60,4.21,1.39,1.00
12:15 PM,690.52,35.04,0.5836,0.5928,1125.3,672,0.60,4.42,1.55,1.00
12:16 PM,690.51,35.48,0.5838,0.5926,1113.6,679,0.59,4.61,1.48,1.00
12:17 PM,691.15,35.34,0.5838,0.5918,1118.3,676,0.60,4.55,1.35,1.00
12:18 PM,690.82,35.13,0.5838,0.5918,1118.3,676,0.60,4.46,1.35,1.00
12:19 PM,689.86,35.41,0.5833,0.5915,1120.1,674,0.59,4.58,1.39,1.00
12:20 PM,689.21,35.51,0.5834,0.5920,1117.2,676,0.59,4.62,1.46,1.00
12:21 PM,688.88,35.14,0.5834,0.5920,1117.2,676,0.59,4.46,1.46,1.00
12:22 PM,688.56,35.20,0.5836,0.5918,1119,676,0.59,4.49,1.39,1.00
12:23 PM,687.92,35.40,0.5832,0.5922,1121.3,673,0.59,4.58,1.52,1.00
12:24 PM,687.27,34.58,0.5832,0.5922,1121.3,673,0.59,4.22,1.52,1.00
12:25 PM,687.27,34.10,0.5827,0.5922,1116.8,677,0.60,4.00,1.59,1.00
12:26 PM,686.94,34.60,0.5826,0.5909,1105.3,683,0.59,4.23,1.41,1.00
12:27 PM,664.10,34.53,0.5826,0.5909,1105.3,683,0.57,4.19,1.41,1.00
12:28 PM,309.20,35.34,0.5818,0.5902,1106.4,681,0.27,4.55,1.42,1.00
12:29 PM,684.36,35.62,0.5815,0.5898,1098.1,685,0.59,4.67,1.41,1.00
12:30 PM,684.04,36.80,0.5818,0.5893,1110.9,677,0.59,5.19,1.28,1.00
12:31 PM,684.03,36.91,0.5818,0.5893,1110.9,677,0.59,5.24,1.28,1.00
12:32 PM,684.03,36.42,0.5803,0.5886,1112.7,675,0.59,5.03,1.41,1.00
12:33 PM,684.35,35.22,0.5799,0.5881,1107.9,678,0.59,4.50,1.40,1.00
12:34 PM,684.02,35.48,0.5799,0.5881,1107.9,678,0.59,4.61,1.40,1.00
12:35 PM,683.38,35.36,0.5788,0.5873,1102.3,680,0.59,4.56,1.44,1.00
12:36 PM,682.73,35.64,0.5771,0.5857,1099.9,679,0.59,4.68,1.47,1.00
12:37 PM,682.41,35.20,0.5771,0.5857,1099.9,679,0.59,4.49,1.47,1.00
12:38 PM,682.09,35.31,0.5757,0.5844,1094,681,0.59,4.54,1.48,1.00
12:39 PM,681.44,35.63,0.5748,0.5841,1094.7,679,0.59,4.68,1.60,1.00
12:40 PM,680.80,36.40,0.5748,0.5841,1094.7,679,0.58,5.02,1.60,1.00
12:41 PM,681.12,35.93,0.5740,0.5827,1098.1,677,0.59,4.81,1.48,1.00
12:42 PM,680.47,37.09,0.5733,0.5820,1103.3,673,0.58,5.32,1.50,1.00
12:43 PM,679.83,36.54,0.5742,0.5825,1097.5,678,0.58,5.08,1.43,1.00
12:44 PM,679.83,37.00,0.5745,0.5827,1102.5,675,0.58,5.28,1.40,1.00
12:45 PM,680.16,37.00,0.5738,0.5813,1106,670,0.58,5.28,1.30,1.00
12:46 PM,679.84,37.58,0.5732,0.5816,1096,677,0.58,5.53,1.46,1.00
12:47 PM,679.52,37.74,0.5732,0.5816,1096,677,0.58,5.61,1.46,1.00
12:48 PM,679.84,38.06,0.5728,0.5814,1099.2,674,0.58,5.75,1.47,1.00
12:49 PM,680.49,38.43,0.5728,0.5809,1095.5,677,0.58,5.91,1.41,1.00
12:50 PM,680.17,38.32,0.5728,0.5809,1095.5,677,0.58,5.86,1.41,1.00
12:51 PM,679.84,37.88,0.5727,0.5798,1092.7,677,0.58,5.67,1.23,1.00
12:52 PM,679.52,37.90,0.5707,0.5794,1105.3,668,0.58,5.67,1.50,1.00
12:53 PM,679.20,38.32,0.5707,0.5794,1105.3,668,0.58,5.86,1.50,1.00
12:54 PM,678.88,37.14,0.5703,0.5786,1100.1,671,0.58,5.34,1.44,1.00
12:55 PM,678.56,36.88,0.5698,0.5780,1095.3,673,0.58,5.23,1.43,1.00
12:56 PM,679.52,37.48,0.5692,0.5776,1093.4,673,0.58,5.49,1.45,1.00
12:57 PM,679.52,37.02,0.5694,0.5772,1098.4,670,0.58,5.29,1.36,1.00
12:58 PM,678.87,38.22,0.5689,0.5774,1090.5,675,0.58,5.82,1.47,1.00
12:59 PM,678.23,37.74,0.5684,0.5768,1093.4,673,0.58,5.60,1.46,1.00
01:00 PM,678.23,38.64,0.5684,0.5768,1093.4,673,0.58,6.00,1.46,1.00
01:01 PM,678.55,39.15,0.5676,0.5758,1096.2,670,0.57,6.23,1.43,1.00
01:02 PM,678.55,39.20,0.5661,0.5738,1105.5,662,0.57,6.25,1.34,1.00
01:03 PM,678.22,39.70,0.5661,0.5738,1105.5,662,0.57,6.47,1.34,1.00
01:04 PM,678.54,39.42,0.5663,0.5742,1097.9,668,0.57,6.35,1.37,1.00
01:05 PM,678.54,38.96,0.5665,0.5742,1093.4,670,0.58,6.14,1.34,1.00
01:06 PM,678.22,39.17,0.5665,0.5742,1093.4,670,0.57,6.24,1.34,1.00
01:07 PM,678.22,39.29,0.5655,0.5741,1097.5,666,0.57,6.29,1.49,1.00
01:08 PM,677.58,39.38,0.5658,0.5735,1094.5,669,0.57,6.33,1.35,1.00
01:09 PM,678.54,39.87,0.5658,0.5735,1094.5,669,0.57,6.54,1.35,1.00
01:10 PM,679.51,39.55,0.5646,0.5729,1097.9,666,0.57,6.40,1.45,1.00
01:11 PM,679.51,39.87,0.5645,0.5726,1096.2,666,0.57,6.54,1.41,1.00
01:12 PM,679.51,40.26,0.5646,0.5726,1100.9,664,0.57,6.72,1.40,1.00
01:13 PM,680.48,40.93,0.5646,0.5726,1100.9,664,0.57,7.01,1.40,1.00
01:14 PM,680.16,40.91,0.5638,0.5721,1090.8,671,0.57,7.00,1.44,1.00
01:15 PM,679.84,41.26,0.5647,0.5728,1095.7,667,0.57,7.15,1.41,1.00
01:16 PM,679.53,41.72,0.5647,0.5728,1095.7,667,0.57,7.36,1.41,1.00
01:17 PM,679.21,40.36,0.5648,0.5728,1089.2,671,0.57,6.76,1.41,1.00
01:18 PM,678.58,39.57,0.5650,0.5736,1084.5,675,0.57,6.41,1.51,1.00
01:19 PM,678.27,39.96,0.5650,0.5736,1084.5,675,0.57,6.58,1.51,1.00
01:20 PM,678.91,39.64,0.5669,0.5742,1100.7,667,0.57,6.44,1.27,1.00
01:21 PM,678.60,39.85,0.5677,0.5757,1086.8,676,0.57,6.53,1.39,1.00
01:22 PM,678.93,38.56,0.5677,0.5757,1086.8,676,0.58,5.96,1.39,1.00
01:23 PM,679.58,37.56,0.5663,0.5750,1101.2,666,0.58,5.53,1.52,1.00
01:24 PM,679.58,37.86,0.5664,0.5746,1100.5,666,0.58,5.66,1.43,1.00
01:25 PM,679.59,37.31,0.5670,0.5749,1096.4,669,0.58,5.41,1.38,1.00
01:26 PM,679.59,36.87,0.5670,0.5749,1096.4,669,0.58,5.22,1.38,1.00
01:27 PM,679.92,38.05,0.5671,0.5752,1099.6,667,0.58,5.74,1.41,1.00
01:28 PM,681.21,37.91,0.5679,0.5761,1098.8,669,0.58,5.68,1.42,1.00
01:29 PM,681.85,38.86,0.5679,0.5761,1098.8,669,0.58,6.10,1.42,1.00
01:30 PM,681.53,38.51,0.5680,0.5761,1093.6,673,0.58,5.94,1.40,1.00
01:31 PM,681.21,38.58,0.5674,0.5761,1106.2,666,0.58,5.98,1.51,1.00
01:32 PM,681.53,39.78,0.5674,0.5761,1106.2,666,0.58,6.51,1.51,1.00
01:33 PM,681.53,39.46,0.5679,0.5761,1100.1,669,0.58,6.36,1.42,1.00
01:34 PM,681.53,40.69,0.5682,0.5754,1095.5,672,0.57,6.90,1.25,1.00
01:35 PM,682.18,40.05,0.5682,0.5754,1095.5,672,0.58,6.62,1.25,1.00
01:36 PM,683.47,40.83,0.5677,0.5755,1105.7,665,0.57,6.96,1.35,1.00
01:37 PM,684.75,41.55,0.5682,0.5761,1110.5,662,0.57,7.28,1.38,1.00
01:38 PM,684.76,40.34,0.5679,0.5761,1116.1,659,0.58,6.75,1.43,1.00
01:39 PM,685.08,39.53,0.5679,0.5761,1116.1,659,0.58,6.39,1.43,1.00
01:40 PM,685.40,39.70,0.5683,0.5765,1096.8,672,0.58,6.47,1.43,1.00
01:41 PM,686.05,39.72,0.5686,0.5764,1095.1,673,0.58,6.48,1.35,1.00
01:42 PM,686.05,39.53,0.5686,0.5764,1095.1,673,0.58,6.39,1.35,1.00
01:43 PM,685.41,39.53,0.5689,0.5770,1100.1,670,0.58,6.39,1.40,1.00
01:44 PM,686.05,39.24,0.5704,0.5783,1115.9,662,0.58,6.26,1.37,1.00
01:45 PM,686.69,40.00,0.5704,0.5783,1115.9,662,0.58,6.60,1.37,1.00
01:46 PM,686.69,40.53,0.5708,0.5783,1103.1,670,0.58,6.83,1.30,1.00
01:47 PM,686.70,40.32,0.5714,0.5787,1111.4,665,0.58,6.74,1.27,1.00
01:48 PM,687.34,38.94,0.5714,0.5787,1111.4,665,0.58,6.13,1.27,1.00
01:49 PM,687.66,39.65,0.5711,0.5790,1111.6,666,0.58,6.45,1.37,1.00
01:50 PM,687.98,40.05,0.5710,0.5784,1115.7,664,0.58,6.62,1.28,1.00
01:51 PM,688.63,39.81,0.5706,0.5791,1109.9,666,0.58,6.52,1.48,1.00
01:52 PM,690.56,39.28,0.5706,0.5791,1109.9,666,0.58,6.28,1.48,1.00
01:53 PM,690.56,39.65,0.5732,0.5803,1112.5,666,0.58,6.45,1.23,1.00
01:54 PM,691.20,39.65,0.5732,0.5814,1112.2,667,0.58,6.45,1.42,1.00
01:55 PM,691.85,40.28,0.5732,0.5814,1112.2,667,0.58,6.72,1.42,1.00
01:56 PM,691.53,39.74,0.5746,0.5829,1119.8,664,0.58,6.49,1.43,1.00
01:57 PM,691.20,39.81,0.5754,0.5834,1115.9,668,0.58,6.52,1.36,1.00
01:58 PM,691.85,38.29,0.5754,0.5834,1115.9,668,0.59,5.85,1.36,1.00
01:59 PM,692.49,37.96,0.5747,0.5832,1117.4,666,0.59,5.70,1.45,1.00
02:00 PM,694.10,38.82,0.5765,0.5847,1125.1,665,0.59,6.08,1.41,1.00
02:01 PM,694.74,38.61,0.5765,0.5847,1125.1,665,0.59,5.99,1.41,1.00
02:02 PM,695.07,38.42,0.5771,0.5860,1115.1,671,0.59,5.91,1.53,1.00
02:03 PM,695.71,39.46,0.5791,0.5870,1120.7,670,0.59,6.36,1.34,1.00
02:04 PM,695.71,39.72,0.5791,0.5870,1120.7,670,0.59,6.48,1.34,1.00
02:05 PM,696.35,40.21,0.5787,0.5873,1123.3,668,0.59,6.69,1.46,1.00
02:06 PM,697.00,40.46,0.5786,0.5877,1119,671,0.59,6.80,1.54,1.00
02:07 PM,696.67,40.88,0.5803,0.5884,1123.7,669,0.59,6.99,1.37,1.00
02:08 PM,698.28,41.04,0.5803,0.5884,1123.7,669,0.59,7.06,1.37,1.00
02:09 PM,698.93,39.88,0.5810,0.5889,1131.1,666,0.59,6.55,1.35,1.00
02:10 PM,699.57,40.51,0.5813,0.5899,1133.5,665,0.59,6.82,1.45,1.00
02:11 PM,699.57,41.06,0.5813,0.5899,1133.5,665,0.59,7.07,1.45,1.00
02:12 PM,699.57,40.95,0.5816,0.5896,1126.8,668,0.59,7.02,1.36,1.00
02:13 PM,700.21,41.32,0.5812,0.5895,1131.8,665,0.59,7.18,1.40,1.00
02:14 PM,700.21,41.95,0.5812,0.5895,1131.8,665,0.59,7.46,1.40,1.00
02:15 PM,700.54,41.71,0.5804,0.5887,1126.8,668,0.59,7.35,1.41,1.00
02:16 PM,702.14,40.67,0.5801,0.5892,1126.4,667,0.59,6.89,1.53,1.00
02:17 PM,703.43,40.74,0.5801,0.5892,1126.4,667,0.59,6.92,1.53,1.00
02:18 PM,704.08,41.29,0.5823,0.5905,1143.7,659,0.59,7.17,1.38,1.00
02:19 PM,704.72,40.72,0.5829,0.5911,1133.5,666,0.59,6.92,1.38,1.00
02:20 PM,705.36,40.27,0.5832,0.5918,1149.1,658,0.59,6.72,1.46,1.00
02:21 PM,706.01,40.99,0.5832,0.5918,1149.1,658,0.59,7.04,1.46,1.00
02:22 PM,706.97,41.83,0.5834,0.5922,1147.2,659,0.59,7.40,1.47,1.00
02:23 PM,706.97,41.94,0.5845,0.5927,1148,660,0.59,7.45,1.38,1.00
02:24 PM,707.29,39.88,0.5845,0.5927,1148,660,0.60,6.55,1.38,1.00
02:25 PM,709.55,39.58,0.5852,0.5936,1144.6,663,0.60,6.42,1.41,1.00
02:26 PM,709.87,39.19,0.5867,0.5948,1150.9,661,0.60,6.24,1.36,1.00
02:27 PM,710.51,39.21,0.5867,0.5948,1150.9,661,0.60,6.25,1.36,1.00
02:28 PM,710.83,39.81,0.5885,0.5962,1145.7,666,0.60,6.52,1.29,1.00
02:29 PM,711.15,40.13,0.5898,0.5980,1143.9,668,0.60,6.66,1.37,1.00
02:30 PM,711.80,40.12,0.5898,0.5980,1143.9,668,0.60,6.65,1.37,1.00
02:31 PM,711.80,39.60,0.5901,0.5986,1159.3,660,0.60,6.43,1.42,1.00
02:32 PM,713.09,39.65,0.5914,0.6001,1157.8,662,0.60,6.45,1.44,1.00
02:33 PM,714.37,39.16,0.5944,0.6020,1161.1,663,0.61,6.23,1.25,1.00
02:34 PM,714.69,39.76,0.5944,0.6020,1161.1,663,0.60,6.50,1.25,1.00
02:35 PM,714.37,39.81,0.5947,0.6031,1159.4,664,0.60,6.52,1.39,1.00
02:36 PM,715.02,39.88,0.5964,0.6044,1157.6,667,0.60,6.55,1.32,1.00
02:37 PM,716.30,39.60,0.5964,0.6044,1157.6,667,0.61,6.43,1.32,1.00
02:38 PM,716.30,39.51,0.5971,0.6053,1163.9,664,0.61,6.38,1.35,1.00
02:39 PM,716.63,40.00,0.5970,0.6050,1168.5,661,0.60,6.60,1.32,1.00
02:40 PM,716.95,41.01,0.5970,0.6050,1168.5,661,0.60,7.05,1.32,1.00
02:41 PM,718.88,41.06,0.5963,0.6057,1160.2,666,0.60,7.07,1.54,1.00
02:42 PM,720.17,40.66,0.5981,0.6065,1160.7,667,0.61,6.89,1.38,1.00
02:43 PM,721.45,40.92,0.5981,0.6065,1160.7,667,0.61,7.00,1.38,1.00
02:44 PM,721.45,40.94,0.5986,0.6078,1178,659,0.61,7.02,1.52,1.00
02:45 PM,721.45,41.24,0.5994,0.6087,1173.5,662,0.61,7.15,1.53,1.00
02:46 PM,722.74,42.12,0.5997,0.6088,1176,661,0.60,7.53,1.50,1.00
02:47 PM,723.38,41.87,0.5997,0.6088,1176,661,0.60,7.42,1.50,1.00
02:48 PM,724.35,40.92,0.6003,0.6086,1177.4,660,0.61,7.01,1.37,1.00
02:49 PM,724.67,40.81,0.6016,0.6109,1179.5,661,0.61,6.95,1.52,1.00
02:50 PM,725.31,40.81,0.6016,0.6109,1179.5,661,0.61,6.95,1.52,1.00
02:51 PM,725.96,41.03,0.6038,0.6120,1178.7,663,0.61,7.05,1.35,1.00
02:52 PM,726.60,41.01,0.6040,0.6130,1168,670,0.61,7.04,1.47,1.00
02:53 PM,727.24,40.85,0.6040,0.6130,1168,670,0.61,6.97,1.47,1.00
02:54 PM,727.89,41.11,0.6056,0.6142,1178.2,666,0.61,7.09,1.41,1.00
02:55 PM,728.21,41.26,0.6064,0.6147,1192.5,659,0.61,7.16,1.34,1.00
02:56 PM,728.53,40.96,0.6064,0.6147,1192.5,659,0.61,7.02,1.34,1.00
02:57 PM,728.85,40.78,0.6075,0.6159,1180.6,667,0.61,6.94,1.36,1.00
02:58 PM,728.53,41.19,0.6068,0.6152,1187.1,661,0.61,7.13,1.37,1.00
02:59 PM,729.50,40.15,0.6068,0.6152,1187.1,661,0.62,6.67,1.37,1.00
03:00 PM,729.18,39.92,0.6061,0.6151,1196.4,657,0.62,6.57,1.45,1.00
03:01 PM,729.18,39.65,0.6074,0.6161,1193.2,659,0.62,6.44,1.41,1.00
03:02 PM,731.11,39.16,0.6074,0.6162,1198.9,657,0.62,6.23,1.44,1.00
03:03 PM,732.71,40.15,0.6074,0.6162,1198.9,657,0.62,6.67,1.44,1.00
03:04 PM,733.04,40.27,0.6091,0.6173,1180.6,668,0.62,6.72,1.32,1.00
03:05 PM,733.36,40.15,0.6100,0.6184,1199.9,659,0.62,6.67,1.37,1.00
03:06 PM,734.32,39.69,0.6100,0.6184,1199.9,659,0.62,6.46,1.37,1.00
03:07 PM,734.32,39.62,0.6110,0.6196,1188.4,666,0.62,6.43,1.39,1.00
03:08 PM,734.97,39.80,0.6133,0.6219,1194.3,665,0.62,6.51,1.38,1.00
03:09 PM,737.54,38.90,0.6133,0.6219,1194.3,665,0.63,6.12,1.38,1.00
03:10 PM,738.19,38.81,0.6141,0.6230,1206.7,659,0.63,6.08,1.42,1.00
03:11 PM,739.15,39.27,0.6156,0.6248,1204.7,662,0.63,6.28,1.47,1.00
03:12 PM,740.12,39.15,0.6156,0.6248,1204.7,662,0.63,6.23,1.47,1.00
03:13 PM,741.40,39.73,0.6179,0.6265,1204.7,664,0.63,6.48,1.38,1.00
03:14 PM,741.40,39.73,0.6194,0.6279,1203.4,666,0.63,6.48,1.36,1.00
03:15 PM,741.40,40.22,0.6194,0.6274,1202.3,666,0.62,6.70,1.28,1.00
03:16 PM,742.05,39.87,0.6194,0.6274,1202.3,666,0.63,6.54,1.28,1.00
03:17 PM,741.72,40.44,0.6185,0.6270,1207.8,663,0.62,6.80,1.35,1.00
03:18 PM,742.68,41.13,0.6181,0.6275,1205.3,664,0.62,7.10,1.49,1.00
03:19 PM,743.97,40.28,0.6181,0.6275,1205.3,664,0.63,6.72,1.49,1.00
03:20 PM,745.90,40.21,0.6178,0.6269,1217.7,658,0.63,6.69,1.45,1.00
03:21 PM,747.19,40.02,0.6194,0.6276,1211.2,662,0.63,6.61,1.31,1.00
03:22 PM,745.58,40.07,0.6194,0.6276,1211.2,662,0.63,6.63,1.31,1.00
03:23 PM,745.25,39.72,0.6196,0.6283,1218.8,659,0.63,6.48,1.37,1.00
03:24 PM,745.90,40.44,0.6198,0.6288,1223.8,656,0.63,6.80,1.44,1.00
03:25 PM,745.90,40.81,0.6198,0.6288,1223.8,656,0.63,6.96,1.44,1.00
03:26 PM,747.18,40.05,0.6204,0.6290,1209,665,0.63,6.62,1.36,1.00
03:27 PM,748.47,39.86,0.6214,0.6301,1213.4,663,0.63,6.54,1.37,1.00
03:28 PM,749.75,39.44,0.6249,0.6334,1225.5,660,0.63,6.35,1.34,1.00
03:29 PM,750.08,39.63,0.6249,0.6334,1225.5,660,0.63,6.44,1.34,1.00
03:30 PM,749.11,40.21,0.6252,0.6339,1212.1,668,0.63,6.69,1.37,1.00
03:31 PM,749.11,40.46,0.6245,0.6335,1225.8,660,0.63,6.80,1.42,1.00
03:32 PM,750.08,39.97,0.6245,0.6335,1225.8,660,0.63,6.59,1.42,1.00
03:33 PM,750.07,39.72,0.6247,0.6341,1234,657,0.63,6.48,1.49,1.00
03:34 PM,750.39,39.55,0.6268,0.6356,1224.2,663,0.63,6.40,1.37,1.00
03:35 PM,752.31,39.92,0.6268,0.6356,1224.2,663,0.63,6.57,1.37,1.00
03:36 PM,751.02,40.08,0.6271,0.6364,1233.3,659,0.63,6.64,1.47,1.00
03:37 PM,750.69,39.88,0.6246,0.6340,1234,656,0.63,6.55,1.49,1.00
03:38 PM,751.65,40.20,0.6246,0.6340,1234,656,0.63,6.69,1.49,1.00
03:39 PM,752.93,39.99,0.6248,0.6335,1226.4,660,0.64,6.60,1.38,1.00
03:40 PM,752.60,39.94,0.6246,0.6328,1217.1,665,0.64,6.57,1.30,1.00
03:41 PM,751.95,40.45,0.6246,0.6328,1217.1,665,0.63,6.80,1.30,1.00
03:42 PM,752.58,40.86,0.6243,0.6334,1231.8,657,0.63,6.98,1.45,1.00
03:43 PM,753.54,39.69,0.6250,0.6336,1229,658,0.64,6.46,1.35,1.00
03:44 PM,754.82,39.69,0.6261,0.6350,1226,661,0.64,6.46,1.40,1.00
03:45 PM,755.47,40.15,0.6261,0.6350,1226,661,0.64,6.67,1.40,1.00
03:46 PM,752.24,40.17,0.6273,0.6370,1232.7,660,0.63,6.67,1.52,1.00
03:47 PM,751.28,40.26,0.6286,0.6372,1236.4,659,0.63,6.71,1.36,1.00
03:48 PM,750.96,40.38,0.6286,0.6372,1236.4,659,0.63,6.77,1.36,1.00
03:49 PM,750.96,40.75,0.6276,0.6362,1231.8,660,0.63,6.93,1.34,1.00
03:50 PM,751.60,41.04,0.6264,0.6351,1232.5,658,0.63,7.06,1.37,1.00
03:51 PM,751.60,40.88,0.6264,0.6351,1232.5,658,0.63,6.99,1.37,1.00
03:52 PM,751.91,40.56,0.6257,0.6349,1232.3,658,0.63,6.85,1.45,1.00
03:53 PM,751.59,41.45,0.6257,0.6351,1226.4,660,0.63,7.24,1.47,1.00
03:54 PM,751.91,41.53,0.6257,0.6351,1226.4,660,0.63,7.27,1.47,1.00
03:55 PM,751.91,42.08,0.6254,0.6345,1232.9,657,0.63,7.52,1.43,1.00
03:56 PM,752.55,42.01,0.6248,0.6343,1239,654,0.63,7.49,1.50,1.00
03:57 PM,753.51,42.17,0.6254,0.6344,1226.9,660,0.63,7.55,1.41,1.00
03:58 PM,753.51,42.22,0.6254,0.6344,1226.9,660,0.63,7.58,1.41,1.00
03:59 PM,753.51,42.01,0.6254,0.6336,1244.4,652,0.63,7.48,1.29,1.00
04:00 PM,754.80,41.38,0.6261,0.6345,1239.4,654,0.63,7.21,1.31,1.00
04:01 PM,754.80,41.08,0.6261,0.6345,1239.4,654,0.63,7.08,1.31,1.00
04:02 PM,754.15,41.13,0.6262,0.6359,1236.8,657,0.63,7.10,1.52,1.00
04:03 PM,753.19,41.08,0.6271,0.6364,1241,655,0.63,7.08,1.47,1.00
04:04 PM,752.54,41.15,0.6271,0.6364,1241,655,0.63,7.11,1.47,1.00
04:05 PM,751.56,41.05,0.6257,0.6344,1225.3,663,0.63,7.06,1.37,1.00
04:06 PM,750.91,40.40,0.6240,0.6329,1224.2,661,0.63,6.78,1.40,1.00
04:07 PM,750.26,40.18,0.6240,0.6329,1224.2,661,0.63,6.68,1.40,1.00
04:08 PM,748.97,40.97,0.6228,0.6318,1224.2,659,0.63,7.02,1.42,1.00
04:09 PM,747.99,41.68,0.6225,0.6318,1219.2,662,0.63,7.34,1.47,1.00
04:10 PM,746.38,41.82,0.6227,0.6311,1221,660,0.62,7.40,1.33,1.00
04:11 PM,746.06,41.77,0.6227,0.6311,1221,660,0.62,7.38,1.33,1.00
04:12 PM,745.73,41.42,0.6214,0.6301,1215.6,662,0.62,7.22,1.37,1.00
04:13 PM,744.44,40.77,0.6194,0.6287,1223.8,656,0.63,6.94,1.49,1.00
04:14 PM,743.46,41.05,0.6194,0.6287,1223.8,656,0.62,7.06,1.49,1.00
04:15 PM,743.14,40.77,0.6186,0.6268,1225.6,654,0.62,6.94,1.31,1.00
04:16 PM,741.84,41.14,0.6167,0.6258,1226.6,652,0.62,7.10,1.45,1.00
04:17 PM,740.55,41.44,0.6167,0.6258,1226.6,652,0.62,7.23,1.45,1.00
04:18 PM,739.58,41.40,0.6159,0.6250,1223.4,653,0.62,7.21,1.47,1.00
04:19 PM,738.61,40.81,0.6156,0.6243,1205.3,662,0.62,6.96,1.38,1.00
04:20 PM,737.64,40.37,0.6156,0.6243,1205.3,662,0.62,6.76,1.38,1.00
04:21 PM,736.67,40.77,0.6151,0.6239,1209.3,659,0.62,6.94,1.42,1.00
04:22 PM,736.03,40.19,0.6146,0.6241,1212.3,657,0.62,6.68,1.52,1.00
04:23 PM,734.41,40.33,0.6147,0.6232,1204.3,661,0.62,6.74,1.37,1.00
04:24 PM,733.13,40.30,0.6147,0.6232,1204.3,661,0.62,6.73,1.37,1.00
04:25 PM,732.80,40.35,0.6147,0.6230,1199.7,664,0.62,6.75,1.34,1.00
04:26 PM,731.19,40.72,0.6141,0.6227,1208.4,658,0.61,6.92,1.39,1.00
04:27 PM,730.23,39.98,0.6141,0.6227,1208.4,658,0.62,6.59,1.39,1.00
04:28 PM,727.65,40.03,0.6121,0.6210,1203.2,659,0.61,6.61,1.43,1.00
04:29 PM,725.72,40.49,0.6112,0.6198,1196.5,662,0.61,6.82,1.38,1.00
04:30 PM,725.07,40.95,0.6112,0.6198,1196.5,662,0.61,7.02,1.38,1.00
04:31 PM,724.43,40.17,0.6097,0.6184,1186.9,665,0.61,6.67,1.41,1.00
04:32 PM,722.18,39.82,0.6090,0.6174,1200.1,657,0.61,6.52,1.36,1.00
04:33 PM,719.60,40.09,0.6090,0.6174,1200.1,657,0.61,6.64,1.36,1.00
04:34 PM,718.64,40.51,0.6082,0.6159,1189.7,661,0.60,6.83,1.26,1.00
04:35 PM,717.03,39.94,0.6034,0.6124,1187.4,659,0.61,6.57,1.47,1.00
04:36 PM,715.74,40.17,0.6034,0.6124,1187.4,659,0.60,6.67,1.47,1.00
04:37 PM,711.88,40.67,0.6015,0.6108,1181.3,660,0.60,6.89,1.53,1.00
04:38 PM,708.34,40.70,0.5997,0.6081,1168.4,664,0.60,6.91,1.38,1.00
04:39 PM,704.48,40.92,0.5956,0.6047,1174.8,657,0.59,7.01,1.51,1.00
04:40 PM,702.23,41.34,0.5956,0.6047,1174.8,657,0.59,7.19,1.51,1.00
04:41 PM,700.30,41.27,0.5927,0.6008,1161.1,661,0.59,7.16,1.35,1.00
04:42 PM,691.61,41.55,0.5856,0.5934,1145.4,662,0.58,7.28,1.31,1.00
04:43 PM,679.39,42.20,0.5856,0.5934,1145.4,662,0.57,7.57,1.31,1.00
04:44 PM,676.82,41.18,0.5701,0.5786,1118.3,661,0.57,7.12,1.48,1.00
04:45 PM,658.48,40.92,0.5659,0.5743,1114.6,659,0.55,7.01,1.46,1.00
04:46 PM,654.94,40.81,0.5659,0.5743,1114.6,659,0.55,6.96,1.46,1.00
04:47 PM,651.08,40.12,0.5563,0.5644,1087.3,663,0.55,6.65,1.43,1.00
04:48 PM,632.42,39.63,0.5527,0.5604,1078.4,664,0.53,6.44,1.36,1.00
04:49 PM,631.14,39.45,0.5527,0.5604,1078.4,664,0.53,6.36,1.36,1.00
04:50 PM,628.24,39.17,0.5384,0.5464,1055.1,661,0.53,6.23,1.47,1.00
04:51 PM,607.98,39.29,0.5262,0.5341,1025.6,665,0.51,6.29,1.47,1.00
04:52 PM,604.76,38.89,0.5217,0.5292,1001.5,675,0.51,6.11,1.41,1.00
04:53 PM,602.19,38.66,0.5217,0.5292,1001.5,675,0.51,6.01,1.41,1.00
04:54 PM,578.70,38.25,0.5154,0.5243,1002.9,666,0.49,5.83,1.71,1.00
04:55 PM,575.49,38.09,0.4988,0.5068,967.5,669,0.49,5.76,1.56,1.00
04:56 PM,572.59,37.23,0.4988,0.5068,967.5,669,0.49,5.38,1.56,1.00
04:57 PM,569.05,37.28,0.4962,0.5033,949,677,0.49,5.40,1.42,1.00
04:58 PM,541.71,37.74,0.4735,0.4806,916,670,0.46,5.61,1.49,1.00
04:59 PM,538.17,36.91,0.4735,0.4806,916,670,0.46,5.24,1.49,1.00
05:00 PM,534.31,37.00,0.4701,0.4770,903,674,0.46,5.28,1.45,1.00
05:01 PM,529.81,37.59,0.4670,0.4735,893.9,676,0.45,5.54,1.39,1.00
05:02 PM,501.82,36.66,0.4670,0.4735,893.9,676,0.43,5.13,1.39,1.00
05:03 PM,497.64,36.52,0.4409,0.4489,842.5,677,0.43,5.07,1.78,1.00
05:04 PM,495.39,37.05,0.4365,0.4444,838.3,675,0.42,5.30,1.78,1.00
05:05 PM,490.88,36.15,0.4321,0.4406,815.8,686,0.42,4.91,1.92,1.00
05:06 PM,487.67,35.27,0.4321,0.4406,815.8,686,0.42,4.52,1.92,1.00
05:07 PM,458.39,34.74,0.4266,0.4356,816.6,677,0.40,4.29,2.07,1.00
05:08 PM,455.50,33.98,0.4026,0.4100,767.8,679,0.39,3.95,1.82,1.00
05:09 PM,451.96,33.48,0.4026,0.4100,767.8,679,0.39,3.73,1.82,1.00
05:10 PM,447.78,33.89,0.3999,0.4067,752.4,687,0.39,3.91,1.66,1.00
05:11 PM,444.24,33.96,0.3969,0.4027,745,689,0.38,3.94,1.44,1.00
05:12 PM,413.36,33.90,0.3969,0.4027,745,689,0.36,3.92,1.44,1.00
05:13 PM,409.82,33.94,0.3770,0.3848,713.9,684,0.35,3.93,2.02,1.00
05:14 PM,405.32,33.37,0.3611,0.3674,680.9,687,0.35,3.68,1.73,1.00
05:15 PM,401.46,33.11,0.3611,0.3674,680.9,687,0.35,3.57,1.73,1.00
05:16 PM,396.95,33.25,0.3564,0.3622,665.8,694,0.34,3.63,1.60,1.00
05:17 PM,393.09,32.72,0.3513,0.3575,664.2,687,0.34,3.40,1.73,1.00
05:18 PM,363.18,32.65,0.3243,0.3305,609.3,691,0.32,3.37,1.88,1.00
05:19 PM,357.39,32.59,0.3243,0.3305,609.3,691,0.31,3.34,1.88,1.00
05:20 PM,353.21,31.98,0.3148,0.3205,588.1,695,0.31,3.07,1.76,1.00
05:21 PM,349.02,32.01,0.3100,0.3151,582.8,691,0.30,3.08,1.62,1.00
05:22 PM,345.49,31.69,0.3100,0.3151,582.8,691,0.30,2.94,1.62,1.00
05:23 PM,341.31,31.06,0.3045,0.3100,573.1,689,0.30,2.67,1.77,1.00
05:24 PM,333.27,31.34,0.2999,0.3053,563.1,691,0.29,2.79,1.77,1.00
05:25 PM,302.39,30.91,0.2999,0.3053,563.1,691,0.26,2.60,1.77,1.00
05:26 PM,298.21,30.17,0.2672,0.2725,501.2,690,0.26,2.28,1.96,1.00
05:27 PM,294.03,29.75,0.2605,0.2670,489.5,693,0.26,2.09,2.41,1.00
05:28 PM,289.85,29.66,0.2605,0.2670,489.5,693,0.25,2.05,2.41,1.00
05:29 PM,284.71,29.46,0.2554,0.2617,481.9,690,0.25,1.96,2.40,1.00
05:30 PM,281.17,28.97,0.2494,0.2548,467.1,692,0.25,1.75,2.13,1.00
05:31 PM,266.38,29.02,0.2286,0.2341,430.1,692,0.23,1.77,2.35,1.00
05:32 PM,243.22,28.17,0.2253,0.2310,426.6,689,0.21,1.39,2.48,1.00
05:33 PM,238.71,28.01,0.2108,0.2151,392.3,699,0.21,1.32,2.04,1.00
05:34 PM,234.85,27.61,0.2043,0.2089,379,703,0.20,1.15,2.18,1.00
05:35 PM,230.99,27.29,0.2043,0.2089,379,703,0.20,1.01,2.18,1.00
05:36 PM,225.85,27.38,0.1990,0.2031,374.5,694,0.20,1.05,2.05,1.00
05:37 PM,222.63,27.39,0.1932,0.1977,362.1,697,0.19,1.05,2.30,1.00
05:38 PM,218.13,26.93,0.1932,0.1977,362.1,697,0.19,0.85,2.30,1.00
05:39 PM,205.26,26.84,0.1883,0.1950,350.2,700,0.18,0.81,3.42,1.00
05:40 PM,182.74,26.35,0.1549,0.1602,292.2,696,0.16,0.60,3.33,1.00
05:41 PM,178.56,26.33,0.1549,0.1602,292.2,696,0.15,0.58,3.33,1.00
05:42 PM,175.02,25.87,0.1491,0.1543,279.2,701,0.15,0.38,3.36,1.00
05:43 PM,170.19,25.50,0.1432,0.1488,271.6,693,0.14,0.22,3.74,1.00
05:44 PM,166.98,25.22,0.1381,0.1435,260.7,696,0.14,0.10,3.77,1.00
05:45 PM,163.44,24.83,0.1385,0.1431,261,695,0.14,-0.07,3.18,1.00
05:46 PM,159.58,24.67,0.1336,0.1381,251,698,0.14,-0.14,3.30,1.00
05:47 PM,147.67,24.44,0.1250,0.1301,234,700,0.12,-0.24,3.98,1.00
05:48 PM,127.08,23.85,0.1250,0.1301,234,700,0.11,-0.51,3.98,1.00
05:49 PM,122.26,23.85,0.0978,0.1024,187.6,689,0.10,-0.51,4.52,1.00
05:50 PM,117.75,23.55,0.0925,0.0966,176.9,692,0.10,-0.64,4.22,1.00
05:51 PM,113.25,23.09,0.0925,0.0966,176.9,692,0.09,-0.84,4.22,1.00
05:52 PM,110.03,22.82,0.0870,0.0911,166.3,694,0.09,-0.96,4.48,1.00
05:53 PM,106.49,22.31,0.0823,0.0864,158.7,692,0.09,-1.18,4.81,1.00
05:54 PM,103.60,22.10,0.0823,0.0864,158.7,692,0.09,-1.28,4.81,1.00
05:55 PM,100.06,21.85,0.0778,0.0819,150.9,689,0.08,-1.39,4.99,1.00
05:56 PM,74.64,21.53,0.0534,0.0580,104.3,692,0.06,-1.53,7.98,1.00
05:57 PM,70.78,21.11,0.0495,0.0542,99,692,0.06,-1.71,8.70,1.00
05:58 PM,66.28,21.00,0.0495,0.0544,99.7,689,0.05,-1.76,8.95,1.00
05:59 PM,62.42,20.50,0.0465,0.0507,94.7,677,0.05,-1.98,8.36,1.00
06:00 PM,58.88,20.38,0.0426,0.0472,87.3,685,0.05,-2.03,9.65,1.00
06:01 PM,55.98,19.88,0.0426,0.0472,87.3,685,0.04,-2.25,9.65,1.00
06:02 PM,52.44,19.74,0.0392,0.0434,80.2,682,0.04,-2.31,9.76,1.00
06:03 PM,49.23,19.35,0.0362,0.0398,75.4,669,0.04,-2.49,9.07,0.00
06:04 PM,45.36,19.05,0.0362,0.0398,75.4,669,0.04,-2.62,9.07,0.00
06:05 PM,42.47,18.75,0.0327,0.0359,66.9,687,0.03,-2.75,8.75,0.00
06:06 PM,39.25,18.43,0.0296,0.0325,62.3,681,0.03,-2.89,8.94,0.00
06:07 PM,35.39,18.16,0.0296,0.0325,62.3,681,0.03,-3.01,8.94,0.00
06:08 PM,32.82,18.00,0.0254,0.0291,56.3,679,0.03,-3.08,12.94,0.00
06:09 PM,28.96,17.74,0.0225,0.0249,50.8,681,0.02,-3.19,9.46,0.00
06:10 PM,25.42,17.54,0.0188,0.0209,43.3,684,0.02,-3.28,10.15,0.00
06:11 PM,20.91,17.15,0.0187,0.0206,43.2,683,0.02,-3.45,9.16,0.00
06:12 PM,17.05,16.87,0.0149,0.0165,35,675,0.01,-3.58,9.52,0.00
06:13 PM,13.51,16.58,0.0120,0.0128,29.1,652,0.01,-3.71,6.13,0.00
06:14 PM,7.72,16.23,0.0120,0.0128,29.1,652,0.00,-3.86,6.13,0.00
06:15 PM,6.44,16.07,0.0082,0.0087,21.3,653,0.00,-3.93,6.31,0.00
06:16 PM,5.15,16.01,0.0062,0.0072,19.4,638,0.00,-3.96,14.13,0.00
06:17 PM,3.86,15.78,0.0062,0.0072,19.4,638,0.00,-4.06,14.13,0.00
06:18 PM,2.57,15.57,0.0054,0.0060,17.8,622,0.00,-4.15,9.21,0.00
06:19 PM,1.61,15.41,0.0049,0.0048,16.1,610,0.00,-4.22,0.00,0.00
06:20 PM,0.97,15.14,0.0049,0.0048,16.1,610,0.00,-4.34,0.00,0.00
06:21 PM,0.64,14.84,0.0038,0.0040,12.4,623,0.00,-4.47,3.92,0.00
